<?xml version="1.0" encoding="UTF-8" ?>
<phpdocumentor>
    <parser>
        <default-package-name>Default</default-package-name>
        <encoding>utf-8</encoding>
        <target>output/build</target>
        <markers>
            <item>TODO</item>
            <item>FIXME</item>
        </markers>
        <extensions>
            <extension>php</extension>
            <extension>php3</extension>
            <extension>phtml</extension>
        </extensions>
        <visibility></visibility>
    </parser>
    <files>
        <ignore-hidden>true</ignore-hidden>
        <ignore-symlinks>true</ignore-symlinks>
    </files>
    <transformer>
        <target>output</target>
    </transformer>
    <logging>
        <level>error</level>
    </logging>
    <transformations>
        <template name="clean"/>
    </transformations>
    <translator>
        <locale>en</locale>
    </translator>
</phpdocumentor>
