<?xml version="1.0" encoding="utf-8"?>
<template>
  <author>Mike van Riel</author>
  <email>mike.vanriel@naenius.com</email>
  <version>1.1.0</version>
  <copyright>Mike van Riel / Naenius 2012</copyright>
  <description>This is the New Black look and feel for phpDocumentor</description>
  <dependencies>
      <template name="abstract" version="1.0.3" />
  </dependencies>
  <transformations>
    <transformation writer="xml" artifact="structure.xml"/>
    <transformation query="copy" writer="FileIo" source="templates/new-black/ajax_search.php" artifact="ajax_search.php"/>
    <transformation query="copy" writer="FileIo" source="templates/abstract/js" artifact="js"/>
    <transformation query="copy" writer="FileIo" source="templates/abstract/images" artifact="images"/>
    <transformation query="copy" writer="FileIo" source="templates/abstract/css" artifact="css"/>
    <transformation query="copy" writer="FileIo" source="templates/new-black/css" artifact="css"/>
    <transformation query="copy" writer="FileIo" source="templates/new-black/js" artifact="js"/>
    <transformation writer="xml" artifact="structure.xml" />
    <!--<transformation query="" writer="Search" source="" artifact="."/>-->
    <transformation writer="xsl" source="templates/abstract/index.xsl" artifact="index.html"/>
    <transformation writer="xsl" source="templates/abstract/content.xsl" artifact="content.html"/>
    <transformation writer="xsl" source="templates/new-black/sidebar.xsl" artifact="nav.html">
        <parameters>
            <variables>
                <section.dashboard.show>false</section.dashboard.show>
                <section.api.show/>
                <section.namespaces.show/>
                <section.packages.show/>
                <section.files.show/>
                <section.files.show-elements/>
                <section.reports.show />
                <section.charts.show />
            </variables>
        </parameters>
    </transformation>
    <transformation query="/project/file/@path" writer="xsl" source="templates/abstract/api-doc.xsl" artifact="files/{$path}"/>
    <transformation writer="xsl" source="templates/abstract/report_markers.xsl" artifact="report_markers.html"/>
    <transformation writer="xsl" source="templates/abstract/report_parse_markers.xsl" artifact="report_parse_markers.html"/>
    <transformation writer="xsl" source="templates/abstract/report_deprecated.xsl" artifact="report_deprecated.html"/>
    <transformation writer="sourcecode" />
    <transformation writer="xsl" source="templates/abstract/graph_class.xsl" artifact="graph.html"/>
    <transformation writer="Graph" source="Class" artifact="classes.svg" />
  </transformations>
</template>
