<?xml version="1.0" encoding="utf-8"?>
<template>
  <author>Mike van Riel</author>
  <email>mike.vanriel@naenius.com</email>
  <version>1.0.1</version>
  <copyright>Mike van Riel 2012</copyright>
  <description><![CDATA[
      This is the 'Responsive' look and feel for phpDocumentor.

      This is a responsive template that is optimized to make the user's
      experience paramount.

      To improve performance you can add the following to your .htaccess:

      <ifModule mod_deflate.c>
          <filesMatch "\.(js|css|html)$">
              SetOutputFilter DEFLATE
          </filesMatch>
      </ifModule>
  ]]></description>
  <transformations>
    <transformation query="copy" writer="FileIo" source="templates/responsive/img" artifact="img"/>
    <transformation query="copy" writer="FileIo" source="templates/responsive/css" artifact="css"/>
    <transformation query="copy" writer="FileIo" source="templates/responsive/js" artifact="js"/>
    <transformation writer="xml" artifact="structure.xml" />
    <transformation writer="xsl" source="templates/responsive/index.xsl" artifact="index.html"/>
    <transformation query="//namespace/@full_name" writer="xsl" source="templates/responsive/namespaces.xsl" artifact="namespaces/{$full_name}"/>
    <transformation query="//package/@full_name" writer="xsl" source="templates/responsive/packages.xsl" artifact="packages/{$full_name}"/>
    <transformation query="//class/full_name|//interface/full_name|//trait/full_name" writer="xsl" source="templates/responsive/class.xsl" artifact="classes/{$full_name}"/>
    <transformation writer="xsl" source="templates/responsive/reports/markers.xsl" artifact="markers.html"/>
    <transformation writer="xsl" source="templates/responsive/reports/errors.xsl" artifact="errors.html"/>
    <transformation writer="xsl" source="templates/responsive/reports/deprecated.xsl" artifact="deprecated.html"/>
    <transformation writer="xsl" source="templates/responsive/graphs/class.xsl" artifact="graph_class.html"/>
    <transformation query="" writer="Graph" source="Class" artifact="classes.svg" />
  </transformations>
</template>
